Workbook

Sheet Customer Names
A1: Customer ID | B1: name
A2: Id1 | B2: Hawks, Ms. Kelly
A3: Id2 | B3: Lehner, Mr. Matthew D
A4: Id3 | B4: Lu, Mr. Phil
A5: Id4 | B5: Osborne, Ms. Kelsey
A6: Id5 | B6: Kadala, Ms. Kristyn
A7: Id6 | B7: Baker, Mr. Russell B.
A8: Id7 | B8: Macpherson, Mr. Scott
A9: Id8 | B9: Hallman, Mr. Stephen
A10: Id9 | B10: Moran, Mr. Patrick R.
A11: Id10 | B11: Benner, Ms. Brooke N.
A12: Id11 | B12: Fierro Vargas, Ms. Paola Andrea
... A2336: Id2335 | B2336: German, Mr. Aaron K

Sheet Medical Examinations (2)
A1: Customer ID | B1: BMI | C1: HBA1C | D1: Heart Issues | E1: Any Transplants | F1: Cancer history | G1: NumberOfMajorSurgeries | H1: smoker
A2: Id1 | B2: 47.41 | C2: 7.47 | D2: No | E2: No | F2: No | G2: No major surgery | H2: yes
A3: Id2 | B3: 30.36 | C3: 5.77 | D3: No | E3: No | F3: No | G3: No major surgery | H3: yes
A4: Id3 | B4: 34.485 | C4: 11.87 | D4: yes | E4: No | F4: No | G4: 2 | H4: yes
A5: Id4 | B5: 38.095 | C5: 6.05 | D5: No | E5: No | F5: No | G5: No major surgery | H5: yes
A6: Id5 | B6: 35.53 | C6: 5.45 | D6: No | E6: No | F6: No | G6: No major surgery | H6: yes
A7: Id6 | B7: 32.8 | C7: 6.59 | D7: No | E7: No | F7: No | G7: No major surgery | H7: yes
A8: Id7 | B8: 36.4 | C8: 6.07 | D8: No | E8: No | F8: No | G8: No major surgery | H8: yes
A9: Id8 | B9: 36.96 | C9: 7.93 | D9: No | E9: No | F9: No | G9: 3 | H9: yes
A10: Id9 | B10: 41.14 | C10: 9.58 | D10: yes | E10: No | F10: Yes | G10: 1 | H10: yes
A11: Id10 | B11: 38.06 | C11: 10.79 | D11: No | E11: No | F11: No | G11: No major surgery | H11: yes
A12: Id11 | B12: 37.7 | C12: 5.96 | D12: yes | E12: No | F12: No | G12: 2 | H12: yes
A13: Id12 | B13: 42.13 | C13: 11.9 | D13: No | E13: No | F13: No | G13: No major surgery | H13: yes
A14: Id13 | B14: 40.92 | C14: 8.41 | D14: No | E14: No | F14: No | G14: No major surgery | H14: yes
A15: Id14 | B15: 40.565 | C15: 7.02 | D15: No | E15: No | F15: No | G15: No major surgery | H15: yes
A16: Id15 | B16: 36.385 | C16: 7.59 | D16: yes | E16: No | F16: No | G16: 2 | H16: yes
A17: Id16 | B17: 39.9 | C17: 11.32 | D17: No | E17: No | F17: No | G17: No major surgery | H17: yes
A18: Id17 | B18: 33.8 | C18: 7.67 | D18: No | E18: No | F18: No | G18: 3 | H18: yes
A19: Id18 | B19: 36.765 | C19: 7.29 | D19: yes | E19: No | F19: Yes | G19: 1 | H19: yes
A20: Id19 | B20: 36.955 | C20: 4.72 | D20: yes | E20: No | F20: No | G20: 1 | H20: yes
A21: Id20 | B21: 42.9 | C21: 11.41 | D21: No | E21: No | F21: No | G21: No major surgery | H21: yes
A22: Id21 | B22: 36.3 | C22: 11.5 | D22: yes | E22: No | F22: No | G22: 2 | H22: yes
A23: Id22 | B23: 32.2 | C23: 6.22 | D23: yes | E23: No | F23: No | G23: 2 | H23: yes
A24: Id23 | B24: 31.3 | C24: 11.38 | D24: No | E24: No | F24: No | G24: 3 | H24: yes
A25: Id24 | B25: 41.8 | C25: 7.89 | D25: yes | E25: No | F25: No | G25: 2 | H25: yes
A26: Id25 | B26: 35.09 | C26: 4.38 | D26: yes | E26: No | F26: No | G26: 2 | H26: yes
A27: Id26 | B27: 33.88 | C27: 7.01 | D27: No | E27: No | F27: No | G27: 3 | H27: yes
A28: Id27 | B28: 30.875 | C28: 11.88 | D28: No | E28: No | F28: No | G28: No major surgery | H28: yes
A29: Id28 | B29: 36.86 | C29: 5.19 | D29: yes | E29: No | F29: Yes | G29: 1 | H29: yes
A30: Id29 | B30: 35.86 | C30: 6.74 | D30: yes | E30: No | F30: No | G30: 2 | H30: yes
A31: Id30 | B31: 37.05 | C31: 8.44 | D31: No | E31: No | F31: No | G31: No major surgery | H31: yes
A32: Id31 | B32: 43.89 | C32: 8.71 | D32: No | E32: No | F32: No | G32: No major surgery | H32: yes
A33: Id32 | B33: 42.35 | C33: 5.08 | D33: yes | E33: No | F33: No | G33: No major surgery | H33: yes
A34: Id33 | B34: 31.35 | C34: 6.86 | D34: No | E34: No | F34: No | G34: No major surgery | H34: yes
A35: Id34 | B35: 47.6 | C35: 5.95 | D35: yes | E35: No | F35: No | G35: No major surgery | H35: yes
A36: Id35 | B36: 46.2 | C36: 6.09 | D36: No | E36: No | F36: Yes | G36: 1 | H36: yes
A37: Id36 | B37: 32.015 | C37: 11.75 | D37: No | E37: No | F37: No | G37: No major surgery | H37: yes
A38: Id37 | B38: 40.565 | C38: 7.37 | D38: No | E38: No | F38: No | G38: No major surgery | H38: yes
A39: Id38 | B39: 32.45 | C39: 11.91 | D39: No | E39: No | F39: No | G39: No major surgery | H39: yes
A40: Id39 | B40: 34.96 | C40: 6.52 | D40: No | E40: No | F40: No | G40: No major surgery | H40: yes
A41: Id40 | B41: 35.5 | C41: 5.14 | D41: No | E41: No | F41: Yes | G41: 1 | H41: yes
A42: Id41 | B42: 52.58 | C42: 4.19 | D42: No | E42: yes | F42: No | G42: 1 | H42: yes
A43: Id42 | B43: 35.2 | C43: 11.68 | D43: yes | E43: No | F43: No | G43: No major surgery | H43: yes
A44: Id43 | B44: 38.06 | C44: 6.98 | D44: No | E44: No | F44: No | G44: No major surgery | H44: yes
A45: Id44 | B45: 34.21 | C45: 8.34 | D45: No | E45: No | F45: No | G45: No major surgery | H45: yes
A46: Id45 | B46: 38.94 | C46: 8.49 | D46: yes | E46: No | F46: No | G46: 1 | H46: yes
A47: Id46 | B47: 30.21 | C47: 5.34 | D47: yes | E47: No | F47: No | G47: 1 | H47: yes
A48: Id47 | B48: 33.63 | C48: 4.43 | D48: yes | E48: No | F48: No | G48: 2 | H48: yes
A49: Id48 | B49: 40.37 | C49: 4.47 | D49: No | E49: No | F49: No | G49: No major surgery | H49: yes
A50: Id49 | B50: 53.09 | C50: 4.82 | D50: yes | E50: No | F50: No | G50: 2 | H50: yes
A51: Id50 | B51: 31.79 | C51: 5.51 | D51: yes | E51: No | F51: No | G51: 2 | H51: yes
A52: Id51 | B52: 41.895 | C52: 10.87 | D52: yes | E52: No | F52: No | G52: 1 | H52: yes
A53: Id52 | B53: 31.16 | C53: 9.34 | D53: No | E53: No | F53: No | G53: No major surgery | H53: yes
A54: Id53 | B54: 34.105 | C54: 5.03 | D54: yes | E54: No | F54: Yes | G54: 1 | H54: yes
A55: Id54 | B55: 51.93 | C55: 11.05 | D55: No | E55: No | F55: No | G55: No major surgery | H55: yes
A56: Id55 | B56: 38.95 | C56: 11.95 | D56: No | E56: No | F56: No | G56: No major surgery | H56: yes
A57: Id56 | B57: 36.63 | C57: 7.72 | D57: yes | E57: No | F57: No | G57: 1 | H57: yes
A58: Id57 | B58: 34.2 | C58: 5.75 | D58: No | E58: No | F58: No | G58: 2 | H58: yes
A59: Id58 | B59: 50.63 | C59: 11.89 | D59: No | E59: No | F59: No | G59: No major surgery | H59: yes
A60: Id59 | B60: 36.48 | C60: 6.2 | D60: No | E60: No | F60: No | G60: No major surgery | H60: yes
A61: Id60 | B61: 54.82 | C61: 10.61 | D61: No | E61: No | F61: No | G61: No major surgery | H61: yes
A62: Id61 | B62: 38.06 | C62: 6.04 | D62: No | E62: No | F62: Yes | G62: 1 | H62: yes
A63: Id62 | B63: 51.48 | C63: 9.33 | D63: yes | E63: No | F63: No | G63: No major surgery | H63: yes
A64: Id63 | B64: 52.06 | C64: 11.47 | D64: No | E64: No | F64: No | G64: No major surgery | H64: yes
A65: Id64 | B65: 30.685 | C65: 7.02 | D65: yes | E65: No | F65: No | G65: No major surgery | H65: yes
A66: Id65 | B66: 36.08 | C66: 8.8 | D66: yes | E66: No | F66: No | G66: 1 | H66: yes
A67: Id66 | B67: 54.99 | C67: 8.68 | D67: No | E67: No | F67: No | G67: 2 | H67: yes
A68: Id67 | B68: 35.97 | C68: 6.12 | D68: No | E68: No | F68: Yes | G68: 1 | H68: yes
A69: Id68 | B69: 45.54 | C69: 5.4 | D69: yes | E69: No | F69: Yes | G69: 1 | H69: yes
A70: Id69 | B70: 35.53 | C70: 4.36 | D70: yes | E70: No | F70: No | G70: No major surgery | H70: yes
A71: Id70 | B71: 30.8 | C71: 9.77 | D71: No | E71: No | F71: No | G71: No major surgery | H71: yes
A72: Id71 | B72: 38.39 | C72: 4.25 | D72: No | E72: No | F72: No | G72: 1 | H72: yes
A73: Id72 | B73: 32.3 | C73: 4.76 | D73: No | E73: No | F73: No | G73: 2 | H73: yes
A74: Id73 | B74: 48.8 | C74: 6.22 | D74: yes | E74: No | F74: No | G74: 2 | H74: yes
A75: Id74 | B75: 45.5 | C75: 7.96 | D75: No | E75: No | F75: No | G75: No major surgery | H75: yes
A76: Id75 | B76: 53.61 | C76: 10.92 | D76: yes | E76: No | F76: No | G76: 1 | H76: yes
A77: Id76 | B77: 36.19 | C77: 11.51 | D77: yes | E77: No | F77: No | G77: 1 | H77: yes
A78: Id77 | B78: 34.6 | C78: 5.99 | D78: yes | E78: No | F78: No | G78: No major surgery | H78: yes
A79: Id78 | B79: 54.12 | C79: 11.57 | D79: No | E79: No | F79: No | G79: No major surgery | H79: yes
A80: Id79 | B80: 48.82 | C80: 6.67 | D80: yes | E80: No | F80: No | G80: No major surgery | H80: yes
A81: Id80 | B81: 51.01 | C81: 9.2 | D81: No | E81: No | F81: No | G81: No major surgery | H81: yes
A82: Id81 | B82: 45.65 | C82: 5.11 | D82: yes | E82: No | F82: No | G82: 1 | H82: yes
A83: Id82 | B83: 52.9 | C83: 5.34 | D83: No | E83: No | F83: No | G83: No major surgery | H83: yes
A84: Id83 | B84: 45.41 | C84: 4.03 | D84: yes | E84: No | F84: No | G84: 1 | H84: yes
A85: Id84 | B85: 49.41 | C85: 4.23 | D85: yes | E85: No | F85: Yes | G85: 1 | H85: yes
A86: Id85 | B86: 31.825 | C86: 4.06 | D86: No | E86: No | F86: No | G86: 2 | H86: yes
A87: Id86 | B87: 51.28 | C87: 4.68 | D87: No | E87: No | F87: No | G87: 2 | H87: yes
A88: Id87 | B88: 34.96 | C88: 4.34 | D88: No | E88: No | F88: Yes | G88: 1 | H88: yes
A89: Id88 | B89: 33.11 | C89: 10.51 | D89: No | E89: No | F89: No | G89: No major surgery | H89: yes
A90: Id89 | B90: 54.74 | C90: 5.84 | D90: yes | E90: No | F90: Yes | G90: 1 | H90: yes
A91: Id90 | B91: 32.56 | C91: 5.41 | D91: No | E91: No | F91: Yes | G91: 1 | H91: yes
A92: Id91 | B92: 39.05 | C92: 6.06 | D92: No | E92: No | F92: No | G92: 1 | H92: yes
A93: Id92 | B93: 42.75 | C93: 4.22 | D93: No | E93: No | F93: No | G93: No major surgery | H93: yes
A94: Id93 | B94: 50.58 | C94: 5.12 | D94: No | E94: No | F94: No | G94: 2 | H94: yes
A95: Id94 | B95: 30.495 | C95: 4.57 | D95: yes | E95: No | F95: No | G95: No major surgery | H95: yes
A96: Id95 | B96: 48.31 | C96: 9.58 | D96: yes | E96: No | F96: No | G96: 2 | H96: yes
A97: Id96 | B97: 48.99 | C97: 9.78 | D97: yes | E97: No | F97: No | G97: 1 | H97: yes
A98: Id97 | B98: 38.39 | C98: 4.11 | D98: yes | E98: No | F98: No | G98: No major surgery | H98: yes
A99: Id98 | B99: 44.34 | C99: 4.02 | D99: yes | E99: No | F99: No | G99: 2 | H99: yes
A100: Id99 | B100: 41.51 | C100: 6.92 | D100: No | E100: No | F100: No | G100: No major surgery | H100: yes
...

Sheet Medical Examinations
A1: Customer ID | B1: BMI | C1: HBA1C | D1: Heart Issues | E1: Any Transplants | F1: Cancer history | G1: NumberOfMajorSurgeries | H1: smoker
A2: Id1 | B2: 47.41 | C2: 7.47 | D2: No | E2: No | F2: No | G2: No major surgery | H2: yes
A3: Id2 | B3: 30.36 | C3: 5.77 | D3: No | E3: No | F3: No | G3: No major surgery | H3: yes
A4: Id3 | B4: 34.485 | C4: 11.87 | D4: yes | E4: No | F4: No | G4: 2 | H4: yes
A5: Id4 | B5: 38.095 | C5: 6.05 | D5: No | E5: No | F5: No | G5: No major surgery | H5: yes
A6: Id5 | B6: 35.53 | C6: 5.45 | D6: No | E6: No | F6: No | G6: No major surgery | H6: yes
A7: Id6 | B7: 32.8 | C7: 6.59 | D7: No | E7: No | F7: No | G7: No major surgery | H7: yes
A8: Id7 | B8: 36.4 | C8: 6.07 | D8: No | E8: No | F8: No | G8: No major surgery | H8: yes
A9: Id8 | B9: 36.96 | C9: 7.93 | D9: No | E9: No | F9: No | G9: 3 | H9: yes
A10: Id9 | B10: 41.14 | C10: 9.58 | D10: yes | E10: No | F10: Yes | G10: 1 | H10: yes
A11: Id10 | B11: 38.06 | C11: 10.79 | D11: No | E11: No | F11: No | G11: No major surgery | H11: yes
A12: Id11 | B12: 37.7 | C12: 5.96 | D12: yes | E12: No | F12: No | G12: 2 | H12: yes
A13: Id12 | B13: 42.13 | C13: 11.9 | D13: No | E13: No | F13: No | G13: No major surgery | H13: yes
A14: Id13 | B14: 40.92 | C14: 8.41 | D14: No | E14: No | F14: No | G14: No major surgery | H14: yes
A15: Id14 | B15: 40.565 | C15: 7.02 | D15: No | E15: No | F15: No | G15: No major surgery | H15: yes
A16: Id15 | B16: 36.385 | C16: 7.59 | D16: yes | E16: No | F16: No | G16: 2 | H16: yes
A17: Id16 | B17: 39.9 | C17: 11.32 | D17: No | E17: No | F17: No | G17: No major surgery | H17: yes
A18: Id17 | B18: 33.8 | C18: 7.67 | D18: No | E18: No | F18: No | G18: 3 | H18: yes
A19: Id18 | B19: 36.765 | C19: 7.29 | D19: yes | E19: No | F19: Yes | G19: 1 | H19: yes
A20: Id19 | B20: 36.955 | C20: 4.72 | D20: yes | E20: No | F20: No | G20: 1 | H20: yes
A21: Id20 | B21: 42.9 | C21: 11.41 | D21: No | E21: No | F21: No | G21: No major surgery | H21: yes
A22: Id21 | B22: 36.3 | C22: 11.5 | D22: yes | E22: No | F22: No | G22: 2 | H22: yes
A23: Id22 | B23: 32.2 | C23: 6.22 | D23: yes | E23: No | F23: No | G23: 2 | H23: yes
A24: Id23 | B24: 31.3 | C24: 11.38 | D24: No | E24: No | F24: No | G24: 3 | H24: yes
A25: Id24 | B25: 41.8 | C25: 7.89 | D25: yes | E25: No | F25: No | G25: 2 | H25: yes
A26: Id25 | B26: 35.09 | C26: 4.38 | D26: yes | E26: No | F26: No | G26: 2 | H26: yes
A27: Id26 | B27: 33.88 | C27: 7.01 | D27: No | E27: No | F27: No | G27: 3 | H27: yes
A28: Id27 | B28: 30.875 | C28: 11.88 | D28: No | E28: No | F28: No | G28: No major surgery | H28: yes
A29: Id28 | B29: 36.86 | C29: 5.19 | D29: yes | E29: No | F29: Yes | G29: 1 | H29: yes
A30: Id29 | B30: 35.86 | C30: 6.74 | D30: yes | E30: No | F30: No | G30: 2 | H30: yes
A31: Id30 | B31: 37.05 | C31: 8.44 | D31: No | E31: No | F31: No | G31: No major surgery | H31: yes
A32: Id31 | B32: 43.89 | C32: 8.71 | D32: No | E32: No | F32: No | G32: No major surgery | H32: yes
A33: Id32 | B33: 42.35 | C33: 5.08 | D33: yes | E33: No | F33: No | G33: No major surgery | H33: yes
A34: Id33 | B34: 31.35 | C34: 6.86 | D34: No | E34: No | F34: No | G34: No major surgery | H34: yes
A35: Id34 | B35: 47.6 | C35: 5.95 | D35: yes | E35: No | F35: No | G35: No major surgery | H35: yes
A36: Id35 | B36: 46.2 | C36: 6.09 | D36: No | E36: No | F36: Yes | G36: 1 | H36: yes
A37: Id36 | B37: 32.015 | C37: 11.75 | D37: No | E37: No | F37: No | G37: No major surgery | H37: yes
A38: Id37 | B38: 40.565 | C38: 7.37 | D38: No | E38: No | F38: No | G38: No major surgery | H38: yes
A39: Id38 | B39: 32.45 | C39: 11.91 | D39: No | E39: No | F39: No | G39: No major surgery | H39: yes
A40: Id39 | B40: 34.96 | C40: 6.52 | D40: No | E40: No | F40: No | G40: No major surgery | H40: yes
A41: Id40 | B41: 35.5 | C41: 5.14 | D41: No | E41: No | F41: Yes | G41: 1 | H41: yes
A42: Id41 | B42: 52.58 | C42: 4.19 | D42: No | E42: yes | F42: No | G42: 1 | H42: yes
A43: Id42 | B43: 35.2 | C43: 11.68 | D43: yes | E43: No | F43: No | G43: No major surgery | H43: yes
A44: Id43 | B44: 38.06 | C44: 6.98 | D44: No | E44: No | F44: No | G44: No major surgery | H44: yes
A45: Id44 | B45: 34.21 | C45: 8.34 | D45: No | E45: No | F45: No | G45: No major surgery | H45: yes
A46: Id45 | B46: 38.94 | C46: 8.49 | D46: yes | E46: No | F46: No | G46: 1 | H46: yes
A47: Id46 | B47: 30.21 | C47: 5.34 | D47: yes | E47: No | F47: No | G47: 1 | H47: yes
A48: Id47 | B48: 33.63 | C48: 4.43 | D48: yes | E48: No | F48: No | G48: 2 | H48: yes
A49: Id48 | B49: 40.37 | C49: 4.47 | D49: No | E49: No | F49: No | G49: No major surgery | H49: yes
A50: Id49 | B50: 53.09 | C50: 4.82 | D50: yes | E50: No | F50: No | G50: 2 | H50: yes
A51: Id50 | B51: 31.79 | C51: 5.51 | D51: yes | E51: No | F51: No | G51: 2 | H51: yes
A52: Id51 | B52: 41.895 | C52: 10.87 | D52: yes | E52: No | F52: No | G52: 1 | H52: yes
A53: Id52 | B53: 31.16 | C53: 9.34 | D53: No | E53: No | F53: No | G53: No major surgery | H53: yes
A54: Id53 | B54: 34.105 | C54: 5.03 | D54: yes | E54: No | F54: Yes | G54: 1 | H54: yes
A55: Id54 | B55: 51.93 | C55: 11.05 | D55: No | E55: No | F55: No | G55: No major surgery | H55: yes
A56: Id55 | B56: 38.95 | C56: 11.95 | D56: No | E56: No | F56: No | G56: No major surgery | H56: yes
A57: Id56 | B57: 36.63 | C57: 7.72 | D57: yes | E57: No | F57: No | G57: 1 | H57: yes
A58: Id57 | B58: 34.2 | C58: 5.75 | D58: No | E58: No | F58: No | G58: 2 | H58: yes
A59: Id58 | B59: 50.63 | C59: 11.89 | D59: No | E59: No | F59: No | G59: No major surgery | H59: yes
A60: Id59 | B60: 36.48 | C60: 6.2 | D60: No | E60: No | F60: No | G60: No major surgery | H60: yes
A61: Id60 | B61: 54.82 | C61: 10.61 | D61: No | E61: No | F61: No | G61: No major surgery | H61: yes
A62: Id61 | B62: 38.06 | C62: 6.04 | D62: No | E62: No | F62: Yes | G62: 1 | H62: yes
A63: Id62 | B63: 51.48 | C63: 9.33 | D63: yes | E63: No | F63: No | G63: No major surgery | H63: yes
A64: Id63 | B64: 52.06 | C64: 11.47 | D64: No | E64: No | F64: No | G64: No major surgery | H64: yes
A65: Id64 | B65: 30.685 | C65: 7.02 | D65: yes | E65: No | F65: No | G65: No major surgery | H65: yes
A66: Id65 | B66: 36.08 | C66: 8.8 | D66: yes | E66: No | F66: No | G66: 1 | H66: yes
A67: Id66 | B67: 54.99 | C67: 8.68 | D67: No | E67: No | F67: No | G67: 2 | H67: yes
A68: Id67 | B68: 35.97 | C68: 6.12 | D68: No | E68: No | F68: Yes | G68: 1 | H68: yes
A69: Id68 | B69: 45.54 | C69: 5.4 | D69: yes | E69: No | F69: Yes | G69: 1 | H69: yes
A70: Id69 | B70: 35.53 | C70: 4.36 | D70: yes | E70: No | F70: No | G70: No major surgery | H70: yes
A71: Id70 | B71: 30.8 | C71: 9.77 | D71: No | E71: No | F71: No | G71: No major surgery | H71: yes
A72: Id71 | B72: 38.39 | C72: 4.25 | D72: No | E72: No | F72: No | G72: 1 | H72: yes
A73: Id72 | B73: 32.3 | C73: 4.76 | D73: No | E73: No | F73: No | G73: 2 | H73: yes
A74: Id73 | B74: 48.8 | C74: 6.22 | D74: yes | E74: No | F74: No | G74: 2 | H74: yes
A75: Id74 | B75: 45.5 | C75: 7.96 | D75: No | E75: No | F75: No | G75: No major surgery | H75: yes
A76: Id75 | B76: 53.61 | C76: 10.92 | D76: yes | E76: No | F76: No | G76: 1 | H76: yes
A77: Id76 | B77: 36.19 | C77: 11.51 | D77: yes | E77: No | F77: No | G77: 1 | H77: yes
A78: Id77 | B78: 34.6 | C78: 5.99 | D78: yes | E78: No | F78: No | G78: No major surgery | H78: yes
A79: Id78 | B79: 54.12 | C79: 11.57 | D79: No | E79: No | F79: No | G79: No major surgery | H79: yes
A80: Id79 | B80: 48.82 | C80: 6.67 | D80: yes | E80: No | F80: No | G80: No major surgery | H80: yes
A81: Id80 | B81: 51.01 | C81: 9.2 | D81: No | E81: No | F81: No | G81: No major surgery | H81: yes
A82: Id81 | B82: 45.65 | C82: 5.11 | D82: yes | E82: No | F82: No | G82: 1 | H82: yes
A83: Id82 | B83: 52.9 | C83: 5.34 | D83: No | E83: No | F83: No | G83: No major surgery | H83: yes
A84: Id83 | B84: 45.41 | C84: 4.03 | D84: yes | E84: No | F84: No | G84: 1 | H84: yes
A85: Id84 | B85: 49.41 | C85: 4.23 | D85: yes | E85: No | F85: Yes | G85: 1 | H85: yes
A86: Id85 | B86: 31.825 | C86: 4.06 | D86: No | E86: No | F86: No | G86: 2 | H86: yes
A87: Id86 | B87: 51.28 | C87: 4.68 | D87: No | E87: No | F87: No | G87: 2 | H87: yes
A88: Id87 | B88: 34.96 | C88: 4.34 | D88: No | E88: No | F88: Yes | G88: 1 | H88: yes
A89: Id88 | B89: 33.11 | C89: 10.51 | D89: No | E89: No | F89: No | G89: No major surgery | H89: yes
A90: Id89 | B90: 54.74 | C90: 5.84 | D90: yes | E90: No | F90: Yes | G90: 1 | H90: yes
A91: Id90 | B91: 32.56 | C91: 5.41 | D91: No | E91: No | F91: Yes | G91: 1 | H91: yes
A92: Id91 | B92: 39.05 | C92: 6.06 | D92: No | E92: No | F92: No | G92: 1 | H92: yes
A93: Id92 | B93: 42.75 | C93: 4.22 | D93: No | E93: No | F93: No | G93: No major surgery | H93: yes
A94: Id93 | B94: 50.58 | C94: 5.12 | D94: No | E94: No | F94: No | G94: 2 | H94: yes
A95: Id94 | B95: 30.495 | C95: 4.57 | D95: yes | E95: No | F95: No | G95: No major surgery | H95: yes
A96: Id95 | B96: 48.31 | C96: 9.58 | D96: yes | E96: No | F96: No | G96: 2 | H96: yes
A97: Id96 | B97: 48.99 | C97: 9.78 | D97: yes | E97: No | F97: No | G97: 1 | H97: yes
A98: Id97 | B98: 38.39 | C98: 4.11 | D98: yes | E98: No | F98: No | G98: No major surgery | H98: yes
A99: Id98 | B99: 44.34 | C99: 4.02 | D99: yes | E99: No | F99: No | G99: 2 | H99: yes
A100: Id99 | B100: 41.51 | C100: 6.92 | D100: No | E100: No | F100: No | G100: No major surgery | H100: yes
...

Sheet Hospitalisation Details
A1: Customer ID | B1: year | C1: month | D1: date | E1: children | F1: charges | G1: Hospital tier | H1: City tier | I1: State ID
A2: Id2335 | B2: 1992 | C2: Jul | D2: 9 | E2: 0 | F2: 563.84 | G2: tier - 2 | H2: tier - 3 | I2: R1013
A3: Id2334 | B3: 1992 | C3: Nov | D3: 30 | E3: 0 | F3: 570.62 | G3: tier - 2 | H3: tier - 1 | I3: R1013
A4: Id2333 | B4: 1993 | C4: Jun | D4: 30 | E4: 0 | F4: 600 | G4: tier - 2 | H4: tier - 1 | I4: R1013
A5: Id2332 | B5: 1992 | C5: Sep | D5: 13 | E5: 0 | F5: 604.54 | G5: tier - 3 | H5: tier - 3 | I5: R1013
A6: Id2331 | B6: 1998 | C6: Jul | D6: 27 | E6: 0 | F6: 637.26 | G6: tier - 3 | H6: tier - 3 | I6: R1013
A7: Id2330 | B7: 2001 | C7: Nov | D7: 20 | E7: 0 | F7: 646.14 | G7: tier - 3 | H7: tier - 3 | I7: R1012
A8: Id2329 | B8: 1993 | C8: Jun | D8: 1 | E8: 0 | F8: 650 | G8: tier - 3 | H8: tier - 3 | I8: R1013
A9: Id2328 | B9: 1995 | C9: Jul | D9: 4 | E9: 0 | F9: 650 | G9: tier - 3 | H9: tier - 3 | I9: R1013
A10: Id2327 | B10: 2002 | C10: Nov | D10: 29 | E10: 0 | F10: 668 | G10: tier - 3 | H10: tier - 2 | I10: R1012
A11: Id2326 | B11: 1997 | C11: Nov | D11: 9 | E11: 0 | F11: 670 | G11: tier - 3 | H11: tier - 3 | I11: R1013
A12: Id2325 | B12: 2001 | C12: Sep | D12: 12 | E12: 0 | F12: 687.54 | G12: tier - 3 | H12: tier - 2 | I12: R1013
A13: Id2324 | B13: 1999 | C13: Dec | D13: 26 | E13: 0 | F13: 700 | G13: ? | H13: tier - 3 | I13: R1013
... A1050: Id1290 | B1050: 1977 | C1050: Jul | D1050: 26 | E1050: 2 | F1050: 8527.53 | G1050: tier - 2 | H1050: tier - 2 | I1050: R1013
A1051: Id1289 | B1051: ? | C1051: Jul | D1051: 24 | E1051: 0 | F1051: 8534.67 | G1051: tier - 2 | H1051: tier - 3 | I1051: R1024
A1052: Id1288 | B1052: 1981 | C1052: Dec | D1052: 27 | E1052: 3 | F1052: 8538.29 | G1052: tier - 2 | H1052: tier - 3 | I1052: R1024
A1053: Id1287 | B1053: 1975 | C1053: Nov | D1053: 6 | E1053: 1 | F1053: 8539.67 | G1053: tier - 2 | H1053: tier - 3 | I1053: R1011
A1054: Id1286 | B1054: ? | C1054: Dec | D1054: 12 | E1054: 1 | F1054: 8547.69 | G1054: tier - 2 | H1054: tier - 1 | I1054: R1013
A1055: Id1285 | B1055: 1975 | C1055: Aug | D1055: 6 | E1055: 1 | F1055: 8551.35 | G1055: tier - 2 | H1055: tier - 2 | I1055: R1011
A1056: Id1284 | B1056: 1975 | C1056: Aug | D1056: 21 | E1056: 1 | F1056: 8556.91 | G1056: tier - 2 | H1056: tier - 1 | I1056: R1011
A1057: Id1283 | B1057: 1988 | C1057: Sep | D1057: 21 | E1057: 3 | F1057: 8567.25 | G1057: tier - 2 | H1057: tier - 1 | I1057: R1012
A1058: Id1282 | B1058: 1975 | C1058: Sep | D1058: 26 | E1058: 1 | F1058: 8569.86 | G1058: tier - 2 | H1058: tier - 3 | I1058: R1013
A1059: Id1281 | B1059: 1982 | C1059: Dec | D1059: 6 | E1059: 3 | F1059: 8572.04 | G1059: tier - 2 | H1059: tier - 2 | I1059: R1021
A1060: Id1280 | B1060: 1987 | C1060: Nov | D1060: 11 | E1060: 3 | F1060: 8573.3 | G1060: tier - 2 | H1060: tier - 2 | I1060: R1021
A1061: Id1279 | B1061: 1983 | C1061: Dec | D1061: 30 | E1061: 5 | F1061: 8582.3 | G1061: tier - 2 | H1061: tier - 1 | I1061: R1013
A1062: Id1278 | B1062: 1983 | C1062: Jul | D1062: 25 | E1062: 5 | F1062: 8596.83 | G1062: tier - 2 | H1062: tier - 3 | I1062: R1013
A1063: Id1277 | B1063: 1973 | C1063: Jul | D1063: 11 | E1063: 0 | F1063: 8601.33 | G1063: tier - 2 | H1063: tier - 1 | I1063: R1013
A1064: Id1276 | B1064: 1977 | C1064: Sep | D1064: 24 | E1064: 2 | F1064: 8603.82 | G1064: tier - 2 | H1064: tier - 1 | I1064: R1019
A1065: Id1275 | B1065: 1977 | C1065: Nov | D1065: 12 | E1065: 2 | F1065: 8604.48 | G1065: tier - 3 | H1065: tier - 2 | I1065: R1016
A1066: Id1274 | B1066: 1977 | C1066: Oct | D1066: 15 | E1066: 3 | F1066: 8605.36 | G1066: tier - 2 | H1066: tier - 2 | I1066: R1013
... A2344: Id1 | B2344: 1968 | C2344: Oct | D2344: 12 | E2344: 0 | F2344: 63770.43 | G2344: tier - 1 | H2344: tier - 3 | I2344: R1013

Sheet solution datacleaning
A1: Check for the number of missing values marked with '?' in each column of the “Medical" Examinations” Table and "Hospitalization Details" Table. Examinations” Table and "Hospitalization Details" Table.
A3: Column1 | B3: Column2 | C3: Column3 | D3: Column4 | E3: Column5 | F3: Column6
A4: Medical Examinations | D4: Hospitalization Details
A6: Customer ID | B6: =COUNTIF('Medical Examinations'!A:A,"?") -> 0 | D6: Customer ID | E6: =COUNTIF('Hospitalisation Details'!A:A,"?") -> 6
A7: BMI | B7: =COUNTIF('Medical Examinations'!B:B,"?") -> 0 | D7: year | E7: =COUNTIF('Hospitalisation Details'!B:B,"?") -> 2
A8: HBA1C | B8: =COUNTIF('Medical Examinations'!D:D,"?") -> 0 | D8: month | E8: =COUNTIF('Hospitalisation Details'!C:C,"?") -> 3
A9: Heart Issues | B9: =COUNTIF('Medical Examinations'!E:E,"?") -> 0 | D9: date | E9: =COUNTIF('Hospitalisation Details'!D:D,"?") -> 0
A10: Any Transplants | B10: =COUNTIF('Medical Examinations'!E:E,"?") -> 0 | D10: children | E10: =COUNTIF('Hospitalisation Details'!E:E,"?") -> 0
A11: Cancer history | B11: =COUNTIF('Medical Examinations'!F:F,"?") -> 0 | D11: charges | E11: =COUNTIF('Hospitalisation Details'!F:F,"?") -> 0
A12: NumberOfMajorSurgeries | B12: =COUNTIF('Medical Examinations'!G:G,"?") -> 0 | D12: hospital tier | E12: =COUNTIF('Hospitalisation Details'!G:G,"?") -> 1
A13: smoker | B13: =COUNTIF('Medical Examinations'!H:H,"?") -> 2 | D13: city tier | E13: =COUNTIF('Hospitalisation Details'!H:H,"?") -> 1
D14: state ID | E14: =COUNTIF('Hospitalisation Details'!I:I,"?") -> 2
A15: Total | B15: =SUM(B6:B13) -> 2 | D15: Total | E15: =SUM(E6:E14) -> 15
A16: Grand Total | B16: =COUNTIF('Medical Examinations'!A:H,"?")+COUNTIF('Hospitalisation Details'!A:I,"?") -> 17
A18: Fill in the missing values of ‘month’ with Sep and ‘year’ with its average rounded to the nearest integer.
A19: =ROUND(AVERAGEIF('Hospitalisation Details'!B:B,"<>?"),0) -> 1983

Sheet solution datacleaning2
A1: Customer ID | B1: year | C1: month | D1: date | E1: children | F1: charges | G1: Hospital tier | H1: City tier | I1: State ID | O1: Customer ID | P1: BMI | Q1: HBA1C | R1: Heart Issues | S1: Any Transplants | T1: Cancer history | U1: NumberOfMajorSurgeries | V1: smoker
A2: Id2335 | B2: 1992 | C2: Jul | D2: 9 | E2: 0 | F2: 563.84 | G2: tier - 2 | H2: tier - 3 | I2: R1013 | L2: Hospital tier-1 | M2: =COUNTIF('Hospitalisation Details'!G:G,"tier - 1") -> 309 | O2: Id1 | P2: 47.41 | Q2: 7.47 | R2: No | S2: No | T2: No | U2: No major surgery | V2: yes
A3: Id2334 | B3: 1992 | C3: Nov | D3: 30 | E3: 0 | F3: 570.62 | G3: tier - 2 | H3: tier - 1 | I3: R1013 | L3: Hospital tier-2 | M3: =COUNTIF('Hospitalisation Details'!G:G,"tier - 2") -> 1339 | O3: Id2 | P3: 30.36 | Q3: 5.77 | R3: No | S3: No | T3: No | U3: No major surgery | V3: yes
A4: Id2333 | B4: 1993 | C4: Jun | D4: 30 | E4: 0 | F4: 600 | G4: tier - 2 | H4: tier - 1 | I4: R1013 | L4: Hospital tier-3 | M4: =COUNTIF('Hospitalisation Details'!G:G,"tier - 3") -> 694 | O4: Id3 | P4: 34.485 | Q4: 11.87 | R4: yes | S4: No | T4: No | U4: 2 | V4: yes
A5: Id2332 | B5: 1992 | C5: Sep | D5: 13 | E5: 0 | F5: 604.54 | G5: tier - 3 | H5: tier - 3 | I5: R1013 | L5: City tier-1 | M5: =COUNTIF('Hospitalisation Details'!H:H,"tier - 1") -> 734 | O5: Id4 | P5: 38.095 | Q5: 6.05 | R5: No | S5: No | T5: No | U5: No major surgery | V5: yes
A6: Id2331 | B6: 1998 | C6: Jul | D6: 27 | E6: 0 | F6: 637.26 | G6: tier - 3 | H6: tier - 3 | I6: R1013 | L6: City tier-2 | M6: =COUNTIF('Hospitalisation Details'!H:H,"tier - 2") -> 812 | O6: Id5 | P6: 35.53 | Q6: 5.45 | R6: No | S6: No | T6: No | U6: No major surgery | V6: yes
A7: Id2330 | B7: 2001 | C7: Nov | D7: 20 | E7: 0 | F7: 646.14 | G7: tier - 3 | H7: tier - 3 | I7: R1012 | L7: City tier-3 | M7: =COUNTIF('Hospitalisation Details'!H:H,"tier - 3") -> 796 | O7: Id6 | P7: 32.8 | Q7: 6.59 | R7: No | S7: No | T7: No | U7: No major surgery | V7: yes
A8: Id2329 | B8: 1993 | C8: Jun | D8: 1 | E8: 0 | F8: 650 | G8: tier - 3 | H8: tier - 3 | I8: R1013 | L8: Year | M8: =ROUND(AVERAGEIF('Hospitalisation Details'!B:B,"<>?"),0) -> 1983 | O8: Id7 | P8: 36.4 | Q8: 6.07 | R8: No | S8: No | T8: No | U8: No major surgery | V8: yes
A9: Id2328 | B9: 1995 | C9: Jul | D9: 4 | E9: 0 | F9: 650 | G9: tier - 3 | H9: tier - 3 | I9: R1013 | L9: yes | M9: =COUNTIF(V:V,"yes") -> 488 | O9: Id8 | P9: 36.96 | Q9: 7.93 | R9: No | S9: No | T9: No | U9: 3 | V9: yes
A10: Id2327 | B10: 2002 | C10: Nov | D10: 29 | E10: 0 | F10: 668 | G10: tier - 3 | H10: tier - 2 | I10: R1012 | L10: No | M10: =COUNTIF(V:V,"No") -> 1845 | O10: Id9 | P10: 41.14 | Q10: 9.58 | R10: yes | S10: No | T10: Yes | U10: 1 | V10: yes
A11: Id2326 | B11: 1997 | C11: Nov | D11: 9 | E11: 0 | F11: 670 | G11: tier - 3 | H11: tier - 3 | I11: R1013 | L11: Month | M11: =COUNTIF('Hospitalisation Details'!C:C,"~?") -> 3 | O11: Id10 | P11: 38.06 | Q11: 10.79 | R11: No | S11: No | T11: No | U11: No major surgery | V11: yes
A12: Id2325 | B12: 2001 | C12: Sep | D12: 12 | E12: 0 | F12: 687.54 | G12: tier - 3 | H12: tier - 2 | I12: R1013 | O12: Id11 | P12: 37.7 | Q12: 5.96 | R12: yes | S12: No | T12: No | U12: 2 | V12: yes
A13: Id2324 | B13: 1999 | C13: Dec | D13: 26 | E13: 0 | F13: 700 | G13: tier - 2 | H13: tier - 3 | I13: R1013 | O13: Id12 | P13: 42.13 | Q13: 11.9 | R13: No | S13: No | T13: No | U13: No major surgery | V13: yes
A14: Id2323 | B14: 1999 | C14: Dec | D14: 14 | E14: 0 | F14: 722.99 | G14: tier - 3 | H14: tier - 1 | I14: R1013 | O14: Id13 | P14: 40.92 | Q14: 8.41 | R14: No | S14: No | T14: No | U14: No major surgery | V14: yes
A15: Id2322 | B15: 2002 | C15: Sep | D15: 19 | E15: 0 | F15: 750 | G15: tier - 3 | H15: tier - 1 | I15: R1012 | O15: Id14 | P15: 40.565 | Q15: 7.02 | R15: No | S15: No | T15: No | U15: No major surgery | V15: yes
A16: Id2321 | B16: 1993 | C16: Aug | D16: 9 | E16: 0 | F16: 760 | G16: tier - 3 | H16: tier - 1 | I16: R1013 | O16: Id15 | P16: 36.385 | Q16: 7.59 | R16: yes | S16: No | T16: No | U16: 2 | V16: yes
A17: Id2320 | B17: 1996 | C17: Oct | D17: 22 | E17: 0 | F17: 760 | G17: tier - 3 | H17: tier - 3 | I17: R1013 | O17: Id16 | P17: 39.9 | Q17: 11.32 | R17: No | S17: No | T17: No | U17: No major surgery | V17: yes
A18: Id2319 | B18: 1993 | C18: Jun | D18: 28 | E18: 0 | F18: 770 | G18: tier - 3 | H18: tier - 3 | I18: R1013 | O18: Id17 | P18: 33.8 | Q18: 7.67 | R18: No | S18: No | T18: No | U18: 3 | V18: yes
A19: Id2318 | B19: 1996 | C19: Sep | D19: 18 | E19: 0 | F19: 770.38 | G19: tier - 3 | H19: tier - 2 | I19: R1012 | O19: Id18 | P19: 36.765 | Q19: 7.29 | R19: yes | S19: No | T19: Yes | U19: 1 | V19: yes
A20: Id2317 | B20: 1995 | C20: Dec | D20: 7 | E20: 0 | F20: 773.54 | G20: tier - 3 | H20: tier - 2 | I20: R1013 | O20: Id19 | P20: 36.955 | Q20: 4.72 | R20: yes | S20: No | T20: No | U20: 1 | V20: yes
A21: Id2316 | B21: 2004 | C21: Oct | D21: 7 | E21: 0 | F21: 830.52 | G21: tier - 3 | H21: tier - 2 | I21: R1011 | O21: Id20 | P21: 42.9 | Q21: 11.41 | R21: No | S21: No | T21: No | U21: No major surgery | V21: yes
A22: Id2315 | B22: 2000 | C22: Nov | D22: 18 | E22: 0 | F22: 865.41 | G22: tier - 3 | H22: tier - 1 | I22: R1013 | O22: Id21 | P22: 36.3 | Q22: 11.5 | R22: yes | S22: No | T22: No | U22: 2 | V22: yes
A23: Id2314 | B23: 1993 | C23: Nov | D23: 27 | E23: 0 | F23: 896.21 | G23: tier - 3 | H23: tier - 1 | I23: R1013 | O23: Id22 | P23: 32.2 | Q23: 6.22 | R23: yes | S23: No | T23: No | U23: 2 | V23: yes
A24: Id2313 | B24: 1994 | C24: Oct | D24: 30 | E24: 0 | F24: 915.07 | G24: tier - 3 | H24: tier - 1 | I24: R1013 | O24: Id23 | P24: 31.3 | Q24: 11.38 | R24: No | S24: No | T24: No | U24: 3 | V24: yes
A25: Id2312 | B25: 1995 | C25: Oct | D25: 28 | E25: 0 | F25: 928.59 | G25: tier - 3 | H25: tier - 1 | I25: R1013 | O25: Id24 | P25: 41.8 | Q25: 7.89 | R25: yes | S25: No | T25: No | U25: 2 | V25: yes
A26: Id2311 | B26: 2001 | C26: Aug | D26: 19 | E26: 0 | F26: 964.71 | G26: tier - 3 | H26: tier - 2 | I26: R1013 | O26: Id25 | P26: 35.09 | Q26: 4.38 | R26: yes | S26: No | T26: No | U26: 2 | V26: yes
A27: Id2310 | B27: 1994 | C27: Nov | D27: 22 | E27: 0 | F27: 1006.65 | G27: tier - 3 | H27: tier - 2 | I27: R1013 | O27: Id26 | P27: 33.88 | Q27: 7.01 | R27: No | S27: No | T27: No | U27: 3 | V27: yes
A28: Id2309 | B28: 2000 | C28: Oct | D28: 9 | E28: 0 | F28: 1012 | G28: tier - 3 | H28: tier - 2 | I28: R1013 | O28: Id27 | P28: 30.875 | Q28: 11.88 | R28: No | S28: No | T28: No | U28: No major surgery | V28: yes
A29: Id2308 | B29: 1999 | C29: Aug | D29: 5 | E29: 0 | F29: 1019 | G29: tier - 3 | H29: tier - 2 | I29: R1013 | O29: Id28 | P29: 36.86 | Q29: 5.19 | R29: yes | S29: No | T29: Yes | U29: 1 | V29: yes
A30: Id2307 | B30: 1995 | C30: Oct | D30: 5 | E30: 0 | F30: 1033.74 | G30: tier - 3 | H30: tier - 1 | I30: R1013 | O30: Id29 | P30: 35.86 | Q30: 6.74 | R30: yes | S30: No | T30: No | U30: 2 | V30: yes
A31: Id2306 | B31: 1994 | C31: Nov | D31: 17 | E31: 0 | F31: 1044 | G31: tier - 3 | H31: tier - 2 | I31: R1013 | O31: Id30 | P31: 37.05 | Q31: 8.44 | R31: No | S31: No | T31: No | U31: No major surgery | V31: yes
A32: Id2305 | B32: 2002 | C32: Jul | D32: 20 | E32: 0 | F32: 1047 | G32: tier - 3 | H32: tier - 1 | I32: R1013 | O32: Id31 | P32: 43.89 | Q32: 8.71 | R32: No | S32: No | T32: No | U32: No major surgery | V32: yes
A33: Id2304 | B33: 2002 | C33: Jul | D33: 1 | E33: 0 | F33: 1049 | G33: tier - 3 | H33: tier - 2 | I33: R1012 | O33: Id32 | P33: 42.35 | Q33: 5.08 | R33: yes | S33: No | T33: No | U33: No major surgery | V33: yes
A34: Id2303 | B34: 1995 | C34: Jun | D34: 1 | E34: 0 | F34: 1056 | G34: tier - 3 | H34: tier - 2 | I34: R1013 | O34: Id33 | P34: 31.35 | Q34: 6.86 | R34: No | S34: No | T34: No | U34: No major surgery | V34: yes
A35: Id2302 | B35: 1993 | C35: Sep | D35: 28 | E35: 0 | F35: 1068 | G35: tier - 3 | H35: tier - 1 | I35: R1013 | O35: Id34 | P35: 47.6 | Q35: 5.95 | R35: yes | S35: No | T35: No | U35: No major surgery | V35: yes
A36: Id2301 | B36: 2004 | C36: Aug | D36: 24 | E36: 0 | F36: 1070 | G36: tier - 3 | H36: tier - 3 | I36: R1013 | O36: Id35 | P36: 46.2 | Q36: 6.09 | R36: No | S36: No | T36: Yes | U36: 1 | V36: yes
A37: Id2300 | B37: 1997 | C37: Aug | D37: 13 | E37: 0 | F37: 1071 | G37: tier - 3 | H37: tier - 3 | I37: R1013 | O37: Id36 | P37: 32.015 | Q37: 11.75 | R37: No | S37: No | T37: No | U37: No major surgery | V37: yes
A38: Id2299 | B38: 1998 | C38: Dec | D38: 26 | E38: 0 | F38: 1082 | G38: tier - 3 | H38: tier - 2 | I38: R1013 | O38: Id37 | P38: 40.565 | Q38: 7.37 | R38: No | S38: No | T38: No | U38: No major surgery | V38: yes
A39: Id2298 | B39: 2002 | C39: Aug | D39: 13 | E39: 0 | F39: 1086 | G39: tier - 3 | H39: tier - 3 | I39: R1013 | O39: Id38 | P39: 32.45 | Q39: 11.91 | R39: No | S39: No | T39: No | U39: No major surgery | V39: yes
A40: Id2297 | B40: 2004 | C40: Nov | D40: 12 | E40: 0 | F40: 1121.87 | G40: tier - 3 | H40: tier - 1 | I40: R1013 | O40: Id39 | P40: 34.96 | Q40: 6.52 | R40: No | S40: No | T40: No | U40: No major surgery | V40: yes
A41: Id2296 | B41: 2004 | C41: Jun | D41: 14 | E41: 0 | F41: 1131.51 | G41: tier - 3 | H41: tier - 1 | I41: R1013 | O41: Id40 | P41: 35.5 | Q41: 5.14 | R41: No | S41: No | T41: Yes | U41: 1 | V41: yes
A42: Id2295 | B42: 2002 | C42: Jul | D42: 19 | E42: 0 | F42: 1132 | G42: tier - 3 | H42: tier - 1 | I42: R1013 | O42: Id41 | P42: 52.58 | Q42: 4.19 | R42: No | S42: yes | T42: No | U42: 1 | V42: yes
A43: Id2294 | B43: 2004 | C43: Oct | D43: 6 | E43: 0 | F43: 1135 | G43: tier - 3 | H43: tier - 3 | I43: R1013 | O43: Id42 | P43: 35.2 | Q43: 11.68 | R43: yes | S43: No | T43: No | U43: No major surgery | V43: yes
A44: Id2293 | B44: 2004 | C44: Jun | D44: 11 | E44: 0 | F44: 1135.94 | G44: tier - 3 | H44: tier - 3 | I44: R1013 | O44: Id43 | P44: 38.06 | Q44: 6.98 | R44: No | S44: No | T44: No | U44: No major surgery | V44: yes
A45: Id2292 | B45: 2004 | C45: Nov | D45: 28 | E45: 0 | F45: 1136.4 | G45: tier - 3 | H45: tier - 3 | I45: R1013 | O45: Id44 | P45: 34.21 | Q45: 8.34 | R45: No | S45: No | T45: No | U45: No major surgery | V45: yes
A46: Id2291 | B46: 2002 | C46: Aug | D46: 11 | E46: 0 | F46: 1137 | G46: tier - 3 | H46: tier - 1 | I46: R1013 | O46: Id45 | P46: 38.94 | Q46: 8.49 | R46: yes | S46: No | T46: No | U46: 1 | V46: yes
A47: ? | B47: 2004 | C47: Nov | D47: 6 | E47: 0 | F47: 1137.01 | G47: tier - 3 | H47: tier - 1 | I47: R1013 | O47: Id46 | P47: 30.21 | Q47: 5.34 | R47: yes | S47: No | T47: No | U47: 1 | V47: yes
A48: Id2290 | B48: 2004 | C48: Oct | D48: 15 | E48: 0 | F48: 1137.01 | G48: tier - 3 | H48: tier - 1 | I48: R1013 | O48: Id47 | P48: 33.63 | Q48: 4.43 | R48: yes | S48: No | T48: No | U48: 2 | V48: yes
A49: Id2289 | B49: 2004 | C49: Nov | D49: 27 | E49: 0 | F49: 1137.47 | G49: tier - 3 | H49: tier - 2 | I49: R1013 | O49: Id48 | P49: 40.37 | Q49: 4.47 | R49: No | S49: No | T49: No | U49: No major surgery | V49: yes
A50: Id2288 | B50: 2001 | C50: Oct | D50: 25 | E50: 0 | F50: 1141 | G50: tier - 3 | H50: tier - 1 | I50: R1013 | O50: Id49 | P50: 53.09 | Q50: 4.82 | R50: yes | S50: No | T50: No | U50: 2 | V50: yes
A51: Id2287 | B51: 2004 | C51: Sep | D51: 12 | E51: 0 | F51: 1141.45 | G51: tier - 3 | H51: tier - 3 | I51: R1013 | O51: Id50 | P51: 31.79 | Q51: 5.51 | R51: yes | S51: No | T51: No | U51: 2 | V51: yes
A52: Id2286 | B52: 2002 | C52: Oct | D52: 1 | E52: 0 | F52: 1142 | G52: tier - 3 | H52: tier - 2 | I52: R1011 | O52: Id51 | P52: 41.895 | Q52: 10.87 | R52: yes | S52: No | T52: No | U52: 1 | V52: yes
A53: Id2285 | B53: 2004 | C53: Jun | D53: 10 | E53: 0 | F53: 1146.8 | G53: tier - 2 | H53: tier - 2 | I53: R1013 | O53: Id52 | P53: 31.16 | Q53: 9.34 | R53: No | S53: No | T53: No | U53: No major surgery | V53: yes
A54: Id2284 | B54: 2003 | C54: Jun | D54: 12 | E54: 0 | F54: 1149 | G54: tier - 2 | H54: tier - 1 | I54: R1012 | O54: Id53 | P54: 34.105 | Q54: 5.03 | R54: yes | S54: No | T54: Yes | U54: 1 | V54: yes
A55: Id2283 | B55: 2004 | C55: Jul | D55: 18 | E55: 0 | F55: 1149.4 | G55: tier - 2 | H55: tier - 2 | I55: R1013 | O55: Id54 | P55: 51.93 | Q55: 11.05 | R55: No | S55: No | T55: No | U55: No major surgery | V55: yes
A56: Id2282 | B56: 1994 | C56: Jul | D56: 26 | E56: 0 | F56: 1158.32 | G56: tier - 2 | H56: tier - 1 | I56: R1013 | O56: Id55 | P56: 38.95 | Q56: 11.95 | R56: No | S56: No | T56: No | U56: No major surgery | V56: yes
A57: Id2281 | B57: 2004 | C57: Nov | D57: 11 | E57: 0 | F57: 1163.46 | G57: tier - 2 | H57: tier - 3 | I57: R1013 | O57: Id56 | P57: 36.63 | Q57: 7.72 | R57: yes | S57: No | T57: No | U57: 1 | V57: yes
A58: Id2280 | B58: 2002 | C58: Jun | D58: 11 | E58: 0 | F58: 1165 | G58: tier - 2 | H58: tier - 3 | I58: R1012 | O58: Id57 | P58: 34.2 | Q58: 5.75 | R58: No | S58: No | T58: No | U58: 2 | V58: yes
A59: Id2279 | B59: 2001 | C59: Nov | D59: 12 | E59: 0 | F59: 1167 | G59: tier - 2 | H59: tier - 1 | I59: R1013 | O59: Id58 | P59: 50.63 | Q59: 11.89 | R59: No | S59: No | T59: No | U59: No major surgery | V59: yes
A60: Id2278 | B60: 1996 | C60: Aug | D60: 11 | E60: 0 | F60: 1178 | G60: tier - 2 | H60: tier - 3 | I60: R1013 | O60: Id59 | P60: 36.48 | Q60: 6.2 | R60: No | S60: No | T60: No | U60: No major surgery | V60: yes
A61: Id2277 | B61: 1997 | C61: Jun | D61: 28 | E61: 0 | F61: 1178.07 | G61: tier - 2 | H61: tier - 2 | I61: R1013 | O61: Id60 | P61: 54.82 | Q61: 10.61 | R61: No | S61: No | T61: No | U61: No major surgery | V61: yes
A62: Id2276 | B62: 2002 | C62: Aug | D62: 26 | E62: 0 | F62: 1191 | G62: tier - 2 | H62: tier - 1 | I62: R1013 | O62: Id61 | P62: 38.06 | Q62: 6.04 | R62: No | S62: No | T62: Yes | U62: 1 | V62: yes
A63: Id2275 | B63: 1999 | C63: Jun | D63: 28 | E63: 0 | F63: 1200 | G63: tier - 2 | H63: tier - 3 | I63: R1012 | O63: Id62 | P63: 51.48 | Q63: 9.33 | R63: yes | S63: No | T63: No | U63: No major surgery | V63: yes
A64: Id2274 | B64: 1992 | C64: Oct | D64: 6 | E64: 0 | F64: 1200.55 | G64: tier - 2 | H64: tier - 3 | I64: R1013 | O64: Id63 | P64: 52.06 | Q64: 11.47 | R64: No | S64: No | T64: No | U64: No major surgery | V64: yes
A65: Id2273 | B65: 2004 | C65: Jun | D65: 2 | E65: 0 | F65: 1210 | G65: tier - 2 | H65: tier - 1 | I65: R1013 | O65: Id64 | P65: 30.685 | Q65: 7.02 | R65: yes | S65: No | T65: No | U65: No major surgery | V65: yes
A66: Id2272 | B66: 1996 | C66: Nov | D66: 4 | E66: 0 | F66: 1220 | G66: tier - 2 | H66: tier - 3 | I66: R1012 | O66: Id65 | P66: 36.08 | Q66: 8.8 | R66: yes | S66: No | T66: No | U66: 1 | V66: yes
A67: Id2271 | B67: 2004 | C67: Jul | D67: 9 | E67: 0 | F67: 1224 | G67: tier - 2 | H67: tier - 1 | I67: R1013 | O67: Id66 | P67: 54.99 | Q67: 8.68 | R67: No | S67: No | T67: No | U67: 2 | V67: yes
A68: Id2270 | B68: 2004 | C68: Oct | D68: 16 | E68: 0 | F68: 1228 | G68: tier - 2 | H68: tier - 1 | I68: R1012 | O68: Id67 | P68: 35.97 | Q68: 6.12 | R68: No | S68: No | T68: Yes | U68: 1 | V68: yes
A69: Id2269 | B69: 1998 | C69: Jul | D69: 13 | E69: 0 | F69: 1234 | G69: tier - 2 | H69: tier - 1 | I69: R1013 | O69: Id68 | P69: 45.54 | Q69: 5.4 | R69: yes | S69: No | T69: Yes | U69: 1 | V69: yes
A70: Id2268 | B70: 2002 | C70: Dec | D70: 12 | E70: 0 | F70: 1237 | G70: tier - 2 | H70: tier - 2 | I70: R1013 | O70: Id69 | P70: 35.53 | Q70: 4.36 | R70: yes | S70: No | T70: No | U70: No major surgery | V70: yes
A71: Id2267 | B71: 1998 | C71: Oct | D71: 11 | E71: 0 | F71: 1240 | G71: tier - 2 | H71: tier - 1 | I71: R1012 | O71: Id70 | P71: 30.8 | Q71: 9.77 | R71: No | S71: No | T71: No | U71: No major surgery | V71: yes
A72: Id2266 | B72: 2002 | C72: Jul | D72: 1 | E72: 0 | F72: 1241 | G72: tier - 2 | H72: tier - 2 | I72: R1013 | O72: Id71 | P72: 38.39 | Q72: 4.25 | R72: No | S72: No | T72: No | U72: 1 | V72: yes
A73: Id2265 | B73: 2003 | C73: Aug | D73: 2 | E73: 0 | F73: 1241.57 | G73: tier - 2 | H73: tier - 2 | I73: R1011 | O73: Id72 | P73: 32.3 | Q73: 4.76 | R73: No | S73: No | T73: No | U73: 2 | V73: yes
A74: Id2264 | B74: 2003 | C74: Sep | D74: 15 | E74: 0 | F74: 1242.26 | G74: tier - 2 | H74: tier - 1 | I74: R1011 | O74: Id73 | P74: 48.8 | Q74: 6.22 | R74: yes | S74: No | T74: No | U74: 2 | V74: yes
A75: Id2263 | B75: 2003 | C75: Sep | D75: 8 | E75: 0 | F75: 1242.82 | G75: tier - 2 | H75: tier - 1 | I75: R1011 | O75: Id74 | P75: 45.5 | Q75: 7.96 | R75: No | S75: No | T75: No | U75: No major surgery | V75: yes
A76: Id2262 | B76: 2003 | C76: Sep | D76: 15 | E76: 0 | F76: 1252.41 | G76: tier - 2 | H76: tier - 3 | I76: R1011 | O76: Id75 | P76: 53.61 | Q76: 10.92 | R76: yes | S76: No | T76: No | U76: 1 | V76: yes
A77: Id2261 | B77: 1997 | C77: Nov | D77: 4 | E77: 0 | F77: 1253 | G77: tier - 2 | H77: tier - 2 | I77: R1013 | O77: Id76 | P77: 36.19 | Q77: 11.51 | R77: yes | S77: No | T77: No | U77: 1 | V77: yes
A78: Id2260 | B78: 2003 | C78: Dec | D78: 10 | E78: 0 | F78: 1253.94 | G78: tier - 2 | H78: tier - 2 | I78: R1011 | O78: Id77 | P78: 34.6 | Q78: 5.99 | R78: yes | S78: No | T78: No | U78: No major surgery | V78: yes
A79: Id2259 | B79: 2003 | C79: Oct | D79: 13 | E79: 0 | F79: 1256.3 | G79: tier - 2 | H79: tier - 3 | I79: R1011 | O79: Id78 | P79: 54.12 | Q79: 11.57 | R79: No | S79: No | T79: No | U79: No major surgery | V79: yes
A80: Id2258 | B80: 2003 | C80: Oct | D80: 30 | E80: 0 | F80: 1261.44 | G80: tier - 2 | H80: tier - 3 | I80: R1011 | O80: Id79 | P80: 48.82 | Q80: 6.67 | R80: yes | S80: No | T80: No | U80: No major surgery | V80: yes
A81: Id2257 | B81: 2003 | C81: Aug | D81: 15 | E81: 0 | F81: 1261.86 | G81: tier - 2 | H81: tier - 3 | I81: R1011 | O81: Id80 | P81: 51.01 | Q81: 9.2 | R81: No | S81: No | T81: No | U81: No major surgery | V81: yes
A82: Id2256 | B82: 2003 | C82: Nov | D82: 21 | E82: 0 | F82: 1263.25 | G82: tier - 2 | H82: tier - 3 | I82: R1011 | O82: Id81 | P82: 45.65 | Q82: 5.11 | R82: yes | S82: No | T82: No | U82: 1 | V82: yes
A83: Id2255 | B83: 2002 | C83: Dec | D83: 4 | E83: 0 | F83: 1267 | G83: tier - 2 | H83: tier - 1 | I83: R1013 | O83: Id82 | P83: 52.9 | Q83: 5.34 | R83: No | S83: No | T83: No | U83: No major surgery | V83: yes
A84: Id2254 | B84: 1997 | C84: Oct | D84: 26 | E84: 0 | F84: 1276 | G84: tier - 2 | H84: tier - 2 | I84: R1012 | O84: Id83 | P84: 45.41 | Q84: 4.03 | R84: yes | S84: No | T84: No | U84: 1 | V84: yes
A85: Id2253 | B85: 2004 | C85: Sep | D85: 30 | E85: 0 | F85: 1283 | G85: tier - 2 | H85: tier - 1 | I85: R1013 | O85: Id84 | P85: 49.41 | Q85: 4.23 | R85: yes | S85: No | T85: Yes | U85: 1 | V85: yes
A86: Id2252 | B86: 2004 | C86: Jul | D86: 28 | E86: 0 | F86: 1285 | G86: tier - 2 | H86: tier - 3 | I86: R1013 | O86: Id85 | P86: 31.825 | Q86: 4.06 | R86: No | S86: No | T86: No | U86: 2 | V86: yes
A87: Id2251 | B87: 2000 | C87: Jun | D87: 26 | E87: 0 | F87: 1286 | G87: tier - 2 | H87: tier - 2 | I87: R1013 | O87: Id86 | P87: 51.28 | Q87: 4.68 | R87: No | S87: No | T87: No | U87: 2 | V87: yes
A88: Id2250 | B88: 1998 | C88: Jun | D88: 4 | E88: 0 | F88: 1290.93 | G88: tier - 2 | H88: tier - 2 | I88: R1013 | O88: Id87 | P88: 34.96 | Q88: 4.34 | R88: No | S88: No | T88: Yes | U88: 1 | V88: yes
A89: Id2249 | B89: 2001 | C89: Nov | D89: 29 | E89: 0 | F89: 1293 | G89: tier - 2 | H89: tier - 3 | I89: R1012 | O89: Id88 | P89: 33.11 | Q89: 10.51 | R89: No | S89: No | T89: No | U89: No major surgery | V89: yes
A90: Id2248 | B90: 2002 | C90: Dec | D90: 10 | E90: 0 | F90: 1304 | G90: tier - 2 | H90: tier - 2 | I90: R1012 | O90: Id89 | P90: 54.74 | Q90: 5.84 | R90: yes | S90: No | T90: Yes | U90: 1 | V90: yes
A91: Id2247 | B91: 1999 | C91: Dec | D91: 2 | E91: 0 | F91: 1304 | G91: tier - 2 | H91: tier - 2 | I91: R1013 | O91: Id90 | P91: 32.56 | Q91: 5.41 | R91: No | S91: No | T91: Yes | U91: 1 | V91: yes
A92: Id2246 | B92: 2002 | C92: Oct | D92: 13 | E92: 0 | F92: 1315 | G92: tier - 2 | H92: tier - 2 | I92: R1013 | O92: Id91 | P92: 39.05 | Q92: 6.06 | R92: No | S92: No | T92: No | U92: 1 | V92: yes
A93: Id2245 | B93: 1999 | C93: Oct | D93: 14 | E93: 0 | F93: 1329.17 | G93: tier - 2 | H93: tier - 3 | I93: R1013 | O93: Id92 | P93: 42.75 | Q93: 4.22 | R93: No | S93: No | T93: No | U93: No major surgery | V93: yes
A94: Id2244 | B94: 1998 | C94: Jul | D94: 12 | E94: 0 | F94: 1332.61 | G94: tier - 2 | H94: tier - 3 | I94: R1013 | O94: Id93 | P94: 50.58 | Q94: 5.12 | R94: No | S94: No | T94: No | U94: 2 | V94: yes
A95: Id2243 | B95: 1995 | C95: Jul | D95: 30 | E95: 0 | F95: 1338 | G95: tier - 2 | H95: tier - 3 | I95: R1012 | O95: Id94 | P95: 30.495 | Q95: 4.57 | R95: yes | S95: No | T95: No | U95: No major surgery | V95: yes
A96: Id2242 | B96: 1997 | C96: Nov | D96: 7 | E96: 0 | F96: 1341.16 | G96: tier - 2 | H96: tier - 2 | I96: R1012 | O96: Id95 | P96: 48.31 | Q96: 9.58 | R96: yes | S96: No | T96: No | U96: 2 | V96: yes
A97: Id2241 | B97: 1998 | C97: Dec | D97: 3 | E97: 0 | F97: 1359 | G97: tier - 2 | H97: tier - 1 | I97: R1013 | O97: Id96 | P97: 48.99 | Q97: 9.78 | R97: yes | S97: No | T97: No | U97: 1 | V97: yes
A98: Id2240 | B98: 2002 | C98: Aug | D98: 15 | E98: 0 | F98: 1382 | G98: tier - 2 | H98: tier - 1 | I98: R1013 | O98: Id97 | P98: 38.39 | Q98: 4.11 | R98: yes | S98: No | T98: No | U98: No major surgery | V98: yes
A99: Id2239 | B99: 1999 | C99: Jul | D99: 6 | E99: 0 | F99: 1389 | G99: tier - 2 | H99: tier - 2 | I99: R1013 | O99: Id98 | P99: 44.34 | Q99: 4.02 | R99: yes | S99: No | T99: No | U99: 2 | V99: yes
A100: Id2238 | B100: 2002 | C100: Nov | D100: 14 | E100: 0 | F100: 1390 | G100: tier - 2 | H100: tier - 2 | I100: R1013 | O100: Id99 | P100: 41.51 | Q100: 6.92 | R100: No | S100: No | T100: No | U100: No major surgery | V100: yes
...

Sheet data transform solution
A1: Customer ID | B1: Title | C1: First Name | D1: Last Name
A2: Id1 | B2: Ms | C2: Kelly | D2: Hawks
A3: Id2 | B3: Mr | C3: Matthew D | D3: Lehner
A4: Id3 | B4: Mr | C4: Phil | D4: Lu
A5: Id4 | B5: Ms | C5: Kelsey | D5: Osborne
A6: Id5 | B6: Ms | C6: Kristyn | D6: Kadala
A7: Id6 | B7: Mr | C7: Russell B | D7: Baker
A8: Id7 | B8: Mr | C8: Scott | D8: Macpherson
A9: Id8 | B9: Mr | C9: Stephen | D9: Hallman
A10: Id9 | B10: Mr | C10: Patrick R | D10: Moran
A11: Id10 | B11: Ms | C11: Brooke N | D11: Benner
A12: Id11 | B12: Ms | C12: Paola Andrea | D12: Fierro Vargas
... A2336: Id2335 | B2336: Mr | C2336: Aaron K | D2336: German

Sheet Medical Examinations Datatransf
A1: Customer ID | B1: BMI | C1: HBA1C | D1: Heart Issues | E1: Any Transplants | F1: Cancer history | G1: NumberOfMajorSurgeries | H1: smoker | I1: Weight Status | J1: Diabetes Status
A2: Id1 | B2: 47.41 | C2: 7.47 | D2: No | E2: No | F2: No | G2: 0 | H2: Yes | I2: Obesity | J2: Diabetes
A3: Id2 | B3: 30.36 | C3: 5.77 | D3: No | E3: No | F3: No | G3: 0 | H3: Yes | I3: Obesity | J3: Prediabetes
A4: Id3 | B4: 34.485 | C4: 11.87 | D4: Yes | E4: No | F4: No | G4: 2 | H4: Yes | I4: Obesity | J4: Diabetes
A5: Id4 | B5: 38.095 | C5: 6.05 | D5: No | E5: No | F5: No | G5: 0 | H5: Yes | I5: Obesity | J5: Prediabetes
A6: Id5 | B6: 35.53 | C6: 5.45 | D6: No | E6: No | F6: No | G6: 0 | H6: Yes | I6: Obesity | J6: Normal
A7: Id6 | B7: 32.8 | C7: 6.59 | D7: No | E7: No | F7: No | G7: 0 | H7: Yes | I7: Obesity | J7: Diabetes
A8: Id7 | B8: 36.4 | C8: 6.07 | D8: No | E8: No | F8: No | G8: 0 | H8: Yes | I8: Obesity | J8: Prediabetes
A9: Id8 | B9: 36.96 | C9: 7.93 | D9: No | E9: No | F9: No | G9: 3 | H9: Yes | I9: Obesity | J9: Diabetes
A10: Id9 | B10: 41.14 | C10: 9.58 | D10: Yes | E10: No | F10: Yes | G10: 1 | H10: Yes | I10: Obesity | J10: Diabetes
A11: Id10 | B11: 38.06 | C11: 10.79 | D11: No | E11: No | F11: No | G11: 0 | H11: Yes | I11: Obesity | J11: Diabetes
A12: Id11 | B12: 37.7 | C12: 5.96 | D12: Yes | E12: No | F12: No | G12: 2 | H12: Yes | I12: Obesity | J12: Prediabetes
A13: Id12 | B13: 42.13 | C13: 11.9 | D13: No | E13: No | F13: No | G13: 0 | H13: Yes | I13: Obesity | J13: Diabetes
... A2336: Id2335 | B2336: 17.58 | C2336: 4.51 | D2336: No | E2336: No | F2336: No | G2336: 1 | H2336: No | I2336: Underweight | J2336: Normal

Sheet Hospital Details Cleaned
A1: Customer ID | B1: year | C1: month | D1: date | E1: children | F1: charges | G1: Hospital tier | H1: City tier | I1: State ID
A2: Id2335 | B2: 1992 | C2: Jul | D2: 9 | E2: 0 | F2: 563.84 | G2: tier - 2 | H2: tier - 3 | I2: R1013
A3: Id2334 | B3: 1992 | C3: Nov | D3: 30 | E3: 0 | F3: 570.62 | G3: tier - 2 | H3: tier - 1 | I3: R1013
A4: Id2333 | B4: 1993 | C4: Jun | D4: 30 | E4: 0 | F4: 600 | G4: tier - 2 | H4: tier - 1 | I4: R1013
A5: Id2332 | B5: 1992 | C5: Sep | D5: 13 | E5: 0 | F5: 604.54 | G5: tier - 3 | H5: tier - 3 | I5: R1013
A6: Id2331 | B6: 1998 | C6: Jul | D6: 27 | E6: 0 | F6: 637.26 | G6: tier - 3 | H6: tier - 3 | I6: R1013
A7: Id2330 | B7: 2001 | C7: Nov | D7: 20 | E7: 0 | F7: 646.14 | G7: tier - 3 | H7: tier - 3 | I7: R1012
A8: Id2329 | B8: 1993 | C8: Jun | D8: 1 | E8: 0 | F8: 650 | G8: tier - 3 | H8: tier - 3 | I8: R1013
A9: Id2328 | B9: 1995 | C9: Jul | D9: 4 | E9: 0 | F9: 650 | G9: tier - 3 | H9: tier - 3 | I9: R1013
A10: Id2327 | B10: 2002 | C10: Nov | D10: 29 | E10: 0 | F10: 668 | G10: tier - 3 | H10: tier - 2 | I10: R1012
A11: Id2326 | B11: 1997 | C11: Nov | D11: 9 | E11: 0 | F11: 670 | G11: tier - 3 | H11: tier - 3 | I11: R1013
A12: Id2325 | B12: 2001 | C12: Sep | D12: 12 | E12: 0 | F12: 687.54 | G12: tier - 3 | H12: tier - 2 | I12: R1013
A13: Id2324 | B13: 1999 | C13: Dec | D13: 26 | E13: 0 | F13: 700 | G13: tier - 2 | H13: tier - 3 | I13: R1013
... A2344: Id1 | B2344: 1968 | C2344: Oct | D2344: 12 | E2344: 0 | F2344: 63770.43 | G2344: tier - 1 | H2344: tier - 3 | I2344: R1013

Sheet Hospital Details Cleaned (2)
A1: Customer ID | B1: Date of Birth | C1: children | D1: charges | E1: Hospital tier | F1: City tier | G1: State ID | H1: Age
A2: Id2335 | B2: 33794 | C2: 0 | D2: 563.84 | E2: tier - 2 | F2: tier - 3 | G2: R1013 | H2: 30
A3: Id2334 | B3: 33938 | C3: 0 | D3: 570.62 | E3: tier - 2 | F3: tier - 1 | G3: R1013 | H3: 30
A4: Id2333 | B4: 34150 | C4: 0 | D4: 600 | E4: tier - 2 | F4: tier - 1 | G4: R1013 | H4: 29
A5: Id2332 | B5: 33860 | C5: 0 | D5: 604.54 | E5: tier - 3 | F5: tier - 3 | G5: R1013 | H5: 30
A6: Id2331 | B6: 36003 | C6: 0 | D6: 637.26 | E6: tier - 3 | F6: tier - 3 | G6: R1013 | H6: 24
A7: Id2330 | B7: 37215 | C7: 0 | D7: 646.14 | E7: tier - 3 | F7: tier - 3 | G7: R1012 | H7: 21
A8: Id2329 | B8: 34121 | C8: 0 | D8: 650 | E8: tier - 3 | F8: tier - 3 | G8: R1013 | H8: 30
A9: Id2328 | B9: 34884 | C9: 0 | D9: 650 | E9: tier - 3 | F9: tier - 3 | G9: R1013 | H9: 27
A10: Id2327 | B10: 37589 | C10: 0 | D10: 668 | E10: tier - 3 | F10: tier - 2 | G10: R1012 | H10: 20
A11: Id2326 | B11: 35743 | C11: 0 | D11: 670 | E11: tier - 3 | F11: tier - 3 | G11: R1013 | H11: 25
A12: Id2325 | B12: 37146 | C12: 0 | D12: 687.54 | E12: tier - 3 | F12: tier - 2 | G12: R1013 | H12: 21
A13: Id2324 | B13: 36520 | C13: 0 | D13: 700 | E13: tier - 2 | F13: tier - 3 | G13: R1013 | H13: 23
... A2344: Id1 | B2344: 25123 | C2344: 0 | D2344: 63770.43 | E2344: tier - 1 | F2344: tier - 3 | G2344: R1013 | H2344: 54
